region_group,indicator_name,year,mean_value
Afrique,GDP_Growth_pct,2000,2.4242233938043496
Afrique,GDP_Growth_pct,2001,2.527349120326858
Afrique,GDP_Growth_pct,2002,1.2170807187136963
Afrique,GDP_Growth_pct,2003,2.3899271009213576
Afrique,GDP_Growth_pct,2004,4.617438367375333
Afrique,GDP_Growth_pct,2005,4.47800519251148
Afrique,GDP_Growth_pct,2006,4.724512588223947
Afrique,GDP_Growth_pct,2007,4.0973143795197515
Afrique,GDP_Growth_pct,2008,4.211792122428202
Afrique,GDP_Growth_pct,2009,2.593752756805376
Afrique,GDP_Growth_pct,2010,5.84737141542741
Afrique,GDP_Growth_pct,2011,3.660085963643094
Afrique,GDP_Growth_pct,2012,5.576221744165766
Afrique,GDP_Growth_pct,2013,5.353687964960824
Afrique,GDP_Growth_pct,2014,4.977250399637041
Afrique,GDP_Growth_pct,2015,4.394467156101008
Afrique,GDP_Growth_pct,2016,4.356072667411403
Afrique,GDP_Growth_pct,2017,5.588609723740092
Afrique,GDP_Growth_pct,2018,4.891439005672886
Afrique,GDP_Growth_pct,2019,4.64337380036328
Afrique,GDP_Growth_pct,2020,-0.7771880010648434
Afrique,GDP_Growth_pct,2021,6.226586952193386
Afrique,GDP_Growth_pct,2022,4.1946566067773094
Afrique,GDP_Growth_pct,2023,4.10472384915602
Afrique,GDP_Growth_pct,2024,4.586024841265912
Afrique,GDP_USD,2000,38406335374.23513
Afrique,GDP_USD,2001,35409829615.18957
Afrique,GDP_USD,2002,34692455399.884575
Afrique,GDP_USD,2003,49915336483.56388
Afrique,GDP_USD,2004,62874211188.62242
Afrique,GDP_USD,2005,70679126646.36623
Afrique,GDP_USD,2006,77509711350.20062
Afrique,GDP_USD,2007,86523392188.13705
Afrique,GDP_USD,2008,86327605021.2071
Afrique,GDP_USD,2009,89636535862.1428
Afrique,GDP_USD,2010,109204943464.22832
Afrique,GDP_USD,2011,119782726100.54251
Afrique,GDP_USD,2012,117206424821.43277
Afrique,GDP_USD,2013,117416415834.54594
Afrique,GDP_USD,2014,114560691830.05582
Afrique,GDP_USD,2015,105971363090.26476
Afrique,GDP_USD,2016,104398581321.24718
Afrique,GDP_USD,2017,119475928381.17209
Afrique,GDP_USD,2018,129272447437.2478
Afrique,GDP_USD,2019,128369597673.45732
Afrique,GDP_USD,2020,119239754172.32776
Afrique,GDP_USD,2021,141903913758.858
Afrique,GDP_USD,2022,138934036293.41895
Afrique,GDP_USD,2023,136193079983.91528
Afrique,GDP_USD,2024,144742780483.24176
Afrique,GDP_per_capita_USD,2000,1085.2179879245632
Afrique,GDP_per_capita_USD,2001,1016.6670707909074
Afrique,GDP_per_capita_USD,2002,1005.1762204712765
Afrique,GDP_per_capita_USD,2003,1358.5149347424615
Afrique,GDP_per_capita_USD,2004,1641.837109750902
Afrique,GDP_per_capita_USD,2005,1803.3074252380964
Afrique,GDP_per_capita_USD,2006,1986.2517735906335
Afrique,GDP_per_capita_USD,2007,2207.7316739273347
Afrique,GDP_per_capita_USD,2008,2253.143911538824
Afrique,GDP_per_capita_USD,2009,2263.905142574458
Afrique,GDP_per_capita_USD,2010,2631.6631303474996
Afrique,GDP_per_capita_USD,2011,2844.18812503581
Afrique,GDP_per_capita_USD,2012,2755.908279165412
Afrique,GDP_per_capita_USD,2013,2832.6639917571383
Afrique,GDP_per_capita_USD,2014,2735.942426589302
Afrique,GDP_per_capita_USD,2015,2471.378187480638
Afrique,GDP_per_capita_USD,2016,2449.369482105994
Afrique,GDP_per_capita_USD,2017,2723.8421338303497
Afrique,GDP_per_capita_USD,2018,2905.874953339438
Afrique,GDP_per_capita_USD,2019,2850.7454353452717
Afrique,GDP_per_capita_USD,2020,2668.907957893026
Afrique,GDP_per_capita_USD,2021,3077.8774276047543
Afrique,GDP_per_capita_USD,2022,2956.220435677312
Afrique,GDP_per_capita_USD,2023,2930.15279997263
Afrique,GDP_per_capita_USD,2024,3058.3011065801597
Afrique,Inflation_pct,2000,11.764534912556726
Afrique,Inflation_pct,2001,12.057203848196394
Afrique,Inflation_pct,2002,5.246304224021602
Afrique,Inflation_pct,2003,9.702580986398711
Afrique,Inflation_pct,2004,6.189501013334367
Afrique,Inflation_pct,2005,6.682357422542642
Afrique,Inflation_pct,2006,6.791260625270523
Afrique,Inflation_pct,2007,6.883253900434232
Afrique,Inflation_pct,2008,13.260034175056564
Afrique,Inflation_pct,2009,6.898130496577093
Afrique,Inflation_pct,2010,4.243482320847244
Afrique,Inflation_pct,2011,7.213493261749003
Afrique,Inflation_pct,2012,5.804964456386934
Afrique,Inflation_pct,2013,5.291054167493305
Afrique,Inflation_pct,2014,5.571805511795994
Afrique,Inflation_pct,2015,5.9275052448020995
Afrique,Inflation_pct,2016,6.383051213850502
Afrique,Inflation_pct,2017,5.513558399365647
Afrique,Inflation_pct,2018,3.574145548454389
Afrique,Inflation_pct,2019,3.80741915391022
Afrique,Inflation_pct,2020,4.696102597378328
Afrique,Inflation_pct,2021,5.407457904101394
Afrique,Inflation_pct,2022,12.177195612981563
Afrique,Inflation_pct,2023,12.43256127042952
Afrique,Inflation_pct,2024,7.190860540702185
Afrique,Public_debt_pct_GDP,2000,39.6390583837328
Afrique,Public_debt_pct_GDP,2015,52.651157246849
Afrique,Public_debt_pct_GDP,2016,53.7387913927398
Afrique,Public_debt_pct_GDP,2017,56.2597208339946
Afrique,Public_debt_pct_GDP,2018,59.1023114125426
Afrique,Public_debt_pct_GDP,2019,64.589278136337
Afrique,Public_debt_pct_GDP,2020,75.7255090818801
Afrique,Public_debt_pct_GDP,2021,74.0826080100226
Afrique,Public_debt_pct_GDP,2022,76.2054429487374
Afrique,Public_debt_pct_GDP,2023,79.446907709916
Afrique,Unemployment_pct,2000,8.708599999999999
Afrique,Unemployment_pct,2001,8.591
Afrique,Unemployment_pct,2002,8.4926
Afrique,Unemployment_pct,2003,8.3642
Afrique,Unemployment_pct,2004,8.162600000000001
Afrique,Unemployment_pct,2005,7.944799999999999
Afrique,Unemployment_pct,2006,7.7360000000000015
Afrique,Unemployment_pct,2007,7.821799999999999
Afrique,Unemployment_pct,2008,7.901599999999999
Afrique,Unemployment_pct,2009,8.2148
Afrique,Unemployment_pct,2010,8.4568
Afrique,Unemployment_pct,2011,8.3116
Afrique,Unemployment_pct,2012,8.3322
Afrique,Unemployment_pct,2013,7.7478
Afrique,Unemployment_pct,2014,8.239799999999999
Afrique,Unemployment_pct,2015,8.810599999999999
Afrique,Unemployment_pct,2016,8.1752
Afrique,Unemployment_pct,2017,8.259
Afrique,Unemployment_pct,2018,8.1496
Afrique,Unemployment_pct,2019,8.3812
Afrique,Unemployment_pct,2020,8.834
Afrique,Unemployment_pct,2021,9.8308
Afrique,Unemployment_pct,2022,9.4404
Afrique,Unemployment_pct,2023,9.159600000000001
Afrique,Unemployment_pct,2024,9.377799999999999
Europe,GDP_Growth_pct,2000,4.124928788614006
Europe,GDP_Growth_pct,2001,2.37043062425392
Europe,GDP_Growth_pct,2002,1.1147815393831866
Europe,GDP_Growth_pct,2003,1.3324770638288008
Europe,GDP_Growth_pct,2004,2.188981817946286
Europe,GDP_Growth_pct,2005,1.975668422606443
Europe,GDP_Growth_pct,2006,2.9226966610669836
Europe,GDP_Growth_pct,2007,2.6692605635378603
Europe,GDP_Growth_pct,2008,0.19253786607443923
Europe,GDP_Growth_pct,2009,-4.405960266071648
Europe,GDP_Growth_pct,2010,2.003747039808382
Europe,GDP_Growth_pct,2011,1.4205051278247196
Europe,GDP_Growth_pct,2012,-0.7629489620613407
Europe,GDP_Growth_pct,2013,-0.06962514239587896
Europe,GDP_Growth_pct,2014,1.5714581605649411
Europe,GDP_Growth_pct,2015,1.9633401462991096
Europe,GDP_Growth_pct,2016,1.8880301030891586
Europe,GDP_Growth_pct,2017,2.480897162103892
Europe,GDP_Growth_pct,2018,1.510998735575623
Europe,GDP_Growth_pct,2019,1.3303642402073692
Europe,GDP_Growth_pct,2020,-8.285749765226864
Europe,GDP_Growth_pct,2021,6.9899311867399065
Europe,GDP_Growth_pct,2022,4.173443694365363
Europe,GDP_Growth_pct,2023,0.8555540444684379
Europe,GDP_Growth_pct,2024,1.193793952150542
Europe,GDP_USD,2000,1349460361994.2039
Europe,GDP_USD,2001,1358553870838.7722
Europe,GDP_USD,2002,1475199924774.3384
Europe,GDP_USD,2003,1784386498019.321
Europe,GDP_USD,2004,2054904601774.19
Europe,GDP_USD,2005,2131310244326.918
Europe,GDP_USD,2006,2260827810737.124
Europe,GDP_USD,2007,2588768771531.122
Europe,GDP_USD,2008,2746775272349.168
Europe,GDP_USD,2009,2462810292907.7617
Europe,GDP_USD,2010,2436597962432.764
Europe,GDP_USD,2011,2632823414286.436
Europe,GDP_USD,2012,2485626119505.06
Europe,GDP_USD,2013,2587084448661.75
Europe,GDP_USD,2014,2692993817414.256
Europe,GDP_USD,2015,2372951149607.854
Europe,GDP_USD,2016,2368825995517.782
Europe,GDP_USD,2017,2469162666143.448
Europe,GDP_USD,2018,2653023124377.626
Europe,GDP_USD,2019,2596300314699.214
Europe,GDP_USD,2020,2502118284307.8037
Europe,GDP_USD,2021,2831339501958.716
Europe,GDP_USD,2022,2745994496547.41
Europe,GDP_USD,2023,2995092962894.094
Europe,GDP_USD,2024,3127712994947.536
Europe,GDP_per_capita_USD,2000,21916.71934361486
Europe,GDP_per_capita_USD,2001,22032.54086704984
Europe,GDP_per_capita_USD,2002,23870.46672548888
Europe,GDP_per_capita_USD,2003,28769.396840370562
Europe,GDP_per_capita_USD,2004,32997.85858308096
Europe,GDP_per_capita_USD,2005,34106.94626635718
Europe,GDP_per_capita_USD,2006,36013.17542716176
Europe,GDP_per_capita_USD,2007,40988.87669430012
Europe,GDP_per_capita_USD,2008,43185.6427778433
Europe,GDP_per_capita_USD,2009,38517.756215430985
Europe,GDP_per_capita_USD,2010,37877.14291940668
Europe,GDP_per_capita_USD,2011,40822.73677095004
Europe,GDP_per_capita_USD,2012,38316.15249896432
Europe,GDP_per_capita_USD,2013,39682.70396246558
Europe,GDP_per_capita_USD,2014,41118.000427362604
Europe,GDP_per_capita_USD,2015,36101.97136019034
Europe,GDP_per_capita_USD,2016,35875.6475731885
Europe,GDP_per_capita_USD,2017,37276.673303516065
Europe,GDP_per_capita_USD,2018,39908.7744841022
Europe,GDP_per_capita_USD,2019,38964.50780354462
Europe,GDP_per_capita_USD,2020,37340.56856504058
Europe,GDP_per_capita_USD,2021,42283.54859335594
Europe,GDP_per_capita_USD,2022,40905.12075274046
Europe,GDP_per_capita_USD,2023,44438.3363746053
Europe,GDP_per_capita_USD,2024,46233.05874420986
Europe,Inflation_pct,2000,2.0540770943296898
Europe,Inflation_pct,2001,2.305197454416312
Europe,Inflation_pct,2002,2.07912019059885
Europe,Inflation_pct,2003,2.044127736974006
Europe,Inflation_pct,2004,2.088841920982474
Europe,Inflation_pct,2005,2.147204816870486
Europe,Inflation_pct,2006,2.2629264534669162
Europe,Inflation_pct,2007,2.157888430870974
Europe,Inflation_pct,2008,3.2771652545058116
Europe,Inflation_pct,2009,0.5698092537958266
Europe,Inflation_pct,2010,1.690593681048536
Europe,Inflation_pct,2011,2.803923570613602
Europe,Inflation_pct,2012,2.4046820232891597
Europe,Inflation_pct,2013,1.457735996324081
Europe,Inflation_pct,2014,0.5911211157209093
Europe,Inflation_pct,2015,0.09168240994361311
Europe,Inflation_pct,2016,0.2773769160681864
Europe,Inflation_pct,2017,1.656428575483624
Europe,Inflation_pct,2018,1.7376585577851258
Europe,Inflation_pct,2019,1.1205570461709287
Europe,Inflation_pct,2020,0.23008057821905803
Europe,Inflation_pct,2021,2.438857510116344
Europe,Inflation_pct,2022,7.321771390698157
Europe,Inflation_pct,2023,5.354663353433122
Europe,Inflation_pct,2024,2.2567343602141134
Europe,Public_debt_pct_GDP,2000,71.86275580205191
Europe,Public_debt_pct_GDP,2001,68.01977263270415
Europe,Public_debt_pct_GDP,2002,68.1605727322765
Europe,Public_debt_pct_GDP,2003,65.9414049933104
Europe,Public_debt_pct_GDP,2004,66.82114076508844
Europe,Public_debt_pct_GDP,2005,66.0491364201213
Europe,Public_debt_pct_GDP,2006,63.76803002925125
Europe,Public_debt_pct_GDP,2007,62.55335627496455
Europe,Public_debt_pct_GDP,2008,70.27247429484919
Europe,Public_debt_pct_GDP,2009,85.54339685741445
Europe,Public_debt_pct_GDP,2010,90.2292392002503
Europe,Public_debt_pct_GDP,2011,100.4579784911215
Europe,Public_debt_pct_GDP,2012,111.90874765942365
Europe,Public_debt_pct_GDP,2013,116.45125178724129
Europe,Public_debt_pct_GDP,2014,127.25605937939099
Europe,Public_debt_pct_GDP,2015,125.78837416065
Europe,Public_debt_pct_GDP,2016,130.7748209848605
Europe,Public_debt_pct_GDP,2017,133.359478887378
Europe,Public_debt_pct_GDP,2018,131.9849712078005
Europe,Public_debt_pct_GDP,2019,135.132835575618
Europe,Public_debt_pct_GDP,2020,166.8190371516585
Europe,Public_debt_pct_GDP,2021,158.175803998788
Europe,Public_debt_pct_GDP,2022,123.6282637314705
Europe,Public_debt_pct_GDP,2023,121.7213596406485
Europe,Public_debt_pct_GDP,2024,131.073062954793
Europe,Unemployment_pct,2000,9.6624
Europe,Unemployment_pct,2001,8.2052
Europe,Unemployment_pct,2002,8.515600000000001
Europe,Unemployment_pct,2003,8.608799999999999
Europe,Unemployment_pct,2004,8.638200000000001
Europe,Unemployment_pct,2005,8.3572
Europe,Unemployment_pct,2006,7.949800000000001
Europe,Unemployment_pct,2007,7.2780000000000005
Europe,Unemployment_pct,2008,7.7152
Europe,Unemployment_pct,2009,10.047
Europe,Unemployment_pct,2010,10.493799999999998
Europe,Unemployment_pct,2011,10.6226
Europe,Unemployment_pct,2012,11.7814
Europe,Unemployment_pct,2013,12.2352
Europe,Unemployment_pct,2014,11.7478
Europe,Unemployment_pct,2015,10.8872
Europe,Unemployment_pct,2016,10.0702
Europe,Unemployment_pct,2017,9.215399999999999
Europe,Unemployment_pct,2018,8.4774
Europe,Unemployment_pct,2019,7.849199999999999
Europe,Unemployment_pct,2020,8.2116
Europe,Unemployment_pct,2021,8.1144
Europe,Unemployment_pct,2022,7.028800000000001
Europe,Unemployment_pct,2023,6.8386
Europe,Unemployment_pct,2024,6.6118
