iso3,country,region_group,year,GDP_Growth_pct,GDP_USD,GDP_per_capita_USD,Inflation_pct,Public_debt_pct_GDP,Unemployment_pct
CIV,Cote d'Ivoire,Afrique,2000,-0.265789462275947,16577533891.8785,936.636541348798,2.53077516737997,,4.816
CIV,Cote d'Ivoire,Afrique,2001,-2.15401249077306,16810537043.8407,924.727294962066,4.36152914007256,,5.167
CIV,Cote d'Ivoire,Afrique,2002,-2.73052647441901,18054383320.8474,967.815864415991,3.07726485157427,,5.474
CIV,Cote d'Ivoire,Afrique,2003,-4.72586658630681,21251754340.4305,1111.17135087887,3.29680746974208,,5.805
CIV,Cote d'Ivoire,Afrique,2004,3.18503822575397,23510575681.3686,1199.82524528546,1.45798835600741,,5.883
CIV,Cote d'Ivoire,Afrique,2005,0.996065564854788,24036918703.1747,1197.74616979415,3.88583039886482,,5.999
CIV,Cote d'Ivoire,Afrique,2006,2.81557859252327,25281413263.3712,1230.43056838584,2.46719148596915,,6.009
CIV,Cote d'Ivoire,Afrique,2007,1.10142976793477,28760090953.3081,1367.53817722326,1.89200629349598,,6.272
CIV,Cote d'Ivoire,Afrique,2008,4.7826659787672,34078240293.2559,1583.97066701372,6.30852769152578,,6.379
CIV,Cote d'Ivoire,Afrique,2009,3.60332156667053,33886813250.2036,1540.45393569596,1.01950457731138,,6.571
CIV,Cote d'Ivoire,Afrique,2010,6.84804939907013,34936307980.063,1553.54887048143,1.2264561213548,,6.618
CIV,Cote d'Ivoire,Afrique,2011,-5.37044724000579,36693710801.3976,1596.62826565998,4.9124339505245,,7.135
CIV,Cote d'Ivoire,Afrique,2012,7.62041176451649,36302302877.2977,1546.9460184731,1.30451119915606,,7.223
CIV,Cote d'Ivoire,Afrique,2013,10.7602131311256,42760235484.6093,1786.15862031324,2.58117037252936,,4.255
CIV,Cote d'Ivoire,Afrique,2014,9.37199994240375,48843005613.7091,1991.36539423404,0.448682076766141,,3.285
CIV,Cote d'Ivoire,Afrique,2015,7.19494942728191,45815005169.2651,1814.71855088017,1.25149954781468,,2.579
CIV,Cote d'Ivoire,Afrique,2016,7.17275963956332,48407761036.8238,1862.59597081287,0.723178457513308,,1.896
CIV,Cote d'Ivoire,Afrique,2017,7.41076242592504,52512343996.69,1964.29930338343,0.685881065304603,,3.272
CIV,Cote d'Ivoire,Afrique,2018,4.84314605889178,58522477786.6889,2130.86619381144,0.401297817263547,,2.85
CIV,Cote d'Ivoire,Afrique,2019,6.72137167584978,60382894697.3557,2141.76836170115,0.790855512053661,,2.401
CIV,Cote d'Ivoire,Afrique,2020,0.699728593494228,63027852805.4204,2179.72934832935,2.41252617189053,,2.584
CIV,Cote d'Ivoire,Afrique,2021,7.06332910205232,72794636653.7793,2455.98127641148,4.15919657911798,,2.63
CIV,Cote d'Ivoire,Afrique,2022,6.39988362720531,70922824813.9102,2333.37128301259,5.23352856100843,,2.306
CIV,Cote d'Ivoire,Afrique,2023,6.60000045223954,80780312569.1646,2591.9659048119,4.36972254867474,,2.27
CIV,Cote d'Ivoire,Afrique,2024,6.01953461940062,87113179149.284,2727.8935220697,3.45053028131019,,2.288
DEU,Germany,Europe,2000,2.8765231247659,1966980701145.1,23925.8559901991,1.44026838719741,,7.917
DEU,Germany,Europe,2001,1.63614170690956,1966381496641.73,23878.3641471651,1.98385731334471,,7.773
DEU,Germany,Europe,2002,-0.228255715793637,2102350798305.89,25486.5942008748,1.42080615551526,,8.482
DEU,Germany,Europe,2003,-0.529801394291297,2534715518349.01,30711.1022511331,1.03422218628562,,9.779
DEU,Germany,Europe,2004,1.16208684507278,2852317768061.78,34566.7359143735,1.66573696655992,,10.727
DEU,Germany,Europe,2005,0.885485292551564,2893393187361.87,35084.4363546269,1.54691114751328,,11.193
DEU,Germany,Europe,2006,3.86668241523209,3046308753670.58,36980.3349948954,1.57742642840563,,10.277
DEU,Germany,Europe,2007,2.8891174138025,3484056680854.91,42350.9217211489,2.29834400700951,,8.732
DEU,Germany,Europe,2008,0.887902330743628,3808197720125.0,46379.1647953479,2.62837981637219,,7.508
DEU,Germany,Europe,2009,-5.54455451920674,3478545516683.59,42471.8868625226,0.312739007368447,,7.88
DEU,Germany,Europe,2010,4.13463778522758,3467093769666.67,42396.9665976293,1.1038103778926,,7.043
DEU,Germany,Europe,2011,3.75796884489337,3823575803793.78,47630.9761883572,2.07517283735874,,5.967
DEU,Germany,Europe,2012,0.463512036709204,3596483233406.25,44718.0159214069,2.00848884782956,,5.372
DEU,Germany,Europe,2013,0.396995583779145,3807023797050.99,47206.8353514242,1.50472330251876,,5.316
DEU,Germany,Europe,2014,2.18018602168017,3964870735760.77,48959.5991203133,0.906794000434246,,4.979
DEU,Germany,Europe,2015,1.66300602334775,3425099578746.09,41929.7549110722,0.514426137125456,,4.612
DEU,Germany,Europe,2016,2.22222216259371,3536787895179.0,42948.9381932694,0.491747008445174,,4.104
DEU,Germany,Europe,2017,2.797906720551,3765351626105.89,45553.9341495339,1.50949485109628,,3.781
DEU,Germany,Europe,2018,1.13569604599849,4055433215301.96,48916.1686612154,1.73216879766942,,3.384
DEU,Germany,Europe,2019,0.977734697038784,3959894794039.21,47656.199739747,1.44565976888253,,3.163
DEU,Germany,Europe,2020,-4.13191443239947,3941398957073.94,47394.8734504469,0.144877925813982,,3.881
DEU,Germany,Europe,2021,3.90999994204108,4355251953410.78,52349.2459994422,3.06666666666673,,3.594
DEU,Germany,Europe,2022,1.8092581243061,4201021706478.62,50506.5179638543,6.87257438551097,,3.12
DEU,Germany,Europe,2023,-0.869647578573321,4562207532490.28,54776.7668235491,5.94643667725823,,3.068
DEU,Germany,Europe,2024,-0.495851897260366,4685592577804.69,56103.7323182554,2.2564981433876,,3.406
ESP,Spain,Europe,2000,5.20064125553942,598102854756.08,14743.2671031455,3.43351563418767,56.4411355546668,13.785
ESP,Spain,Europe,2001,3.91908880808811,627798682378.741,15368.2337984435,3.58983413338112,51.9977632183383,10.348
ESP,Spain,Europe,2002,2.75545611564098,708938227243.923,17111.0685058941,3.06565685902219,50.1525231278943,11.146
ESP,Spain,Europe,2003,2.9392895953076,907963217057.645,21522.0170990262,3.03888839396655,45.4755013249315,11.283
ESP,Spain,Europe,2004,3.1145314799161,1069829382514.67,24925.0267844576,3.03924881090925,43.4376841356233,11.09
ESP,Spain,Europe,2005,3.5512255846125,1154667551775.88,26450.9530130382,3.36881409750383,40.2343199708659,9.146
ESP,Spain,Europe,2006,4.04343515605099,1261846683275.29,28421.686527407,3.51557576832128,35.7479971661015,8.452
ESP,Spain,Europe,2007,3.53350013165972,1476746276854.51,32652.015594702,2.78679745804946,31.7331273427183,8.232
ESP,Spain,Europe,2008,0.767165748290694,1636115447612.5,35603.248328071,4.07534335957339,35.7047178344384,11.254
ESP,Spain,Europe,2009,-3.76813306940053,1496587590847.66,32279.8208476151,-0.28781308353524,48.1994103859309,17.857
ESP,Spain,Europe,2010,0.0941223116369514,1427989078916.67,30658.7422282912,1.79986457728769,49.9611949458986,19.86
ESP,Spain,Europe,2011,-0.639920636520344,1487568659241.25,31824.6219134777,3.1961018883379,57.789985767622,21.39
ESP,Spain,Europe,2012,-2.86511368637748,1330994811670.31,28456.4438151477,2.44612782366809,77.4461594128753,24.789
ESP,Spain,Europe,2013,-1.42732224757626,1362186923157.65,29228.846559842,1.40858109183019,91.8693310694076,26.094
ESP,Spain,Europe,2014,1.52048593647231,1380244561361.96,29707.765509467,-0.151114837527235,104.927837458817,24.441
ESP,Spain,Europe,2015,4.06086672473866,1206164777553.12,25982.4416197775,-0.500365709903242,104.513601542435,22.057
ESP,Spain,Europe,2016,2.91515598595787,1243015667917.12,26755.6061149398,-0.202598000426452,105.968136997792,19.635
ESP,Spain,Europe,2017,2.89604207865007,1321754088818.83,28381.3425596906,1.95607633363963,106.577780541254,17.224
ESP,Spain,Europe,2018,2.39541124478878,1431642809327.06,30602.4212881113,1.6749813686379,107.203121896334,15.255
ESP,Spain,Europe,2019,1.96117850841711,1403496387686.27,29786.5245689007,0.699518994458739,111.293101275415,14.104
ESP,Spain,Europe,2020,-10.9400706350371,1289783836971.21,27233.9426461608,-0.322753017299739,138.955245507052,15.532
ESP,Spain,Europe,2021,6.68314420473001,1461244901852.69,30799.4775937775,3.0931351197642,132.546759057657,14.781
ESP,Spain,Europe,2022,6.37031712129601,1448850658406.62,30319.4987196616,8.39057634118627,109.040623157974,12.917
ESP,Spain,Europe,2023,2.46085796805582,1619481980719.64,33493.2225409111,3.53236133492433,107.300287362269,12.179
ESP,Spain,Europe,2024,3.45525405630191,1725671652742.19,35326.7683069278,2.77417826534772,,11.394
FRA,France,Europe,2000,4.14099996402915,1360959069477.49,22340.5939516217,1.67595988720927,,10.218
FRA,France,Europe,2001,1.89946701186636,1370376677298.86,22331.7948343036,1.63478079549601,,8.61
FRA,France,Europe,2002,1.06775027069419,1492427756382.43,24144.5727019529,1.9234122872706,,8.702
FRA,France,Europe,2003,0.967827182558352,1835095983049.09,29479.5222101175,2.09847219146923,,8.306
FRA,France,Europe,2004,2.86825052501032,2109792297237.03,33644.9282220364,2.14208964640241,,8.914
FRA,France,Europe,2005,1.88856584109286,2192146403028.17,34696.3718316971,1.74586936380482,,8.882
FRA,France,Europe,2006,2.71406448755236,2317861544690.82,36431.5658906555,1.67512449608723,,8.832
FRA,France,Europe,2007,2.53048188351066,2655816911866.56,41486.1907828787,1.4879980595386,,8.008
FRA,France,Europe,2008,0.380171435849121,2926802941585.86,45464.8181385158,2.81286194914787,,7.386
FRA,France,Europe,2009,-2.82455153714783,2700075882518.98,41728.0884164132,0.0876204781574552,,9.122
FRA,France,Europe,2010,2.00032476039051,2646230027988.34,40694.8211697025,1.53112270420926,,9.279
FRA,France,Europe,2011,2.43757653729007,2870408553990.28,43929.7840873812,2.11159795174994,,9.228
FRA,France,Europe,2012,0.183835264973013,2683007095787.23,40863.5814412333,1.9541953161351,,9.841
FRA,France,Europe,2013,0.781756446231,2816077607875.26,42669.1795111893,0.863715497861805,,9.913
FRA,France,Europe,2014,0.997832947295251,2861236112552.42,43148.0459288416,0.50775882293799,,10.273
FRA,France,Europe,2015,1.06675474783462,2442483452642.5,36702.4323733379,0.0375143805125182,,10.354
FRA,France,Europe,2016,0.860031075424033,2470407619777.13,37024.2157133669,0.18333486112386,,10.057
FRA,France,Europe,2017,2.08361485997399,2588868323334.71,38687.1626407164,1.03228275064662,,9.409
FRA,France,Europe,2018,1.64590872395887,2781576320884.39,41418.1766484844,1.85081508315502,,9.018
FRA,France,Europe,2019,2.02744646419237,2722793515171.76,40408.2848574751,1.10825492288294,,8.415
FRA,France,Europe,2020,-7.44064589948231,2647926055110.05,39169.8606000707,0.476498852725066,,8.009
FRA,France,Europe,2021,6.88233783360239,2966433692008.09,43725.0999521245,1.64233141038385,,7.874
FRA,France,Europe,2022,2.71676264185913,2794788137066.94,40988.6396406579,5.22236748369735,,7.308
FRA,France,Europe,2023,1.43921494437743,3056250648138.29,44700.1384177544,4.87835726508441,,7.335
FRA,France,Europe,2024,1.19046798275883,3160442622465.08,46103.0840855884,1.99904942291463,,7.37
GBR,United Kingdom,Europe,2000,4.52438074810904,1671597821152.97,28383.8761094996,1.18295624210408,87.284376049437,5.558
GBR,United Kingdom,Europe,2001,2.39102229602824,1656171009068.66,28013.8729635508,1.53234960272418,84.04178204707,4.696
GBR,United Kingdom,Europe,2002,1.70902736258567,1790536570743.41,30158.7017807858,1.52040245947455,86.1686223366587,5.037
GBR,United Kingdom,Europe,2003,3.21851612669614,2061227755102.04,34556.7726095905,1.37650038542013,86.4073086616893,4.807
GBR,United Kingdom,Europe,2004,2.32601853325993,2429774807762.72,40504.4118103928,1.39039756680422,90.2045973945536,4.594
GBR,United Kingdom,Europe,2005,2.7906547174688,2551361818181.82,42240.2462987547,2.0891364902507,91.8639528693767,4.835
GBR,United Kingdom,Europe,2006,2.18982132415704,2719558417663.29,44695.161023424,2.4556616643929,91.788062892401,5.411
GBR,United Kingdom,Europe,2007,2.93091133582351,3104699879951.98,50629.0799172887,2.38656150773327,93.3735852072108,5.342
GBR,United Kingdom,Europe,2008,-0.0494116727402769,2945251838235.29,47652.4030691881,3.52140856342539,104.84023075526,5.705
GBR,United Kingdom,Europe,2009,-4.58740819226323,2429358155475.93,39009.3715547821,1.96173173560109,122.887383328898,7.627
GBR,United Kingdom,Europe,2010,2.26054460931586,2496740681057.14,39778.3220528565,2.49265472467065,130.497283454602,7.924
GBR,United Kingdom,Europe,2011,0.851437739020326,2675590034128.66,42295.9273835322,3.8561124468282,143.125971214621,8.169
GBR,United Kingdom,Europe,2012,1.52826034721852,2719715961539.83,42688.3263728372,2.5732347965453,146.371335905972,8.25
GBR,United Kingdom,Europe,2013,1.71846961308464,2796908333283.39,43606.9837896348,2.29166666666659,141.033172505075,7.704
GBR,United Kingdom,Europe,2014,3.16017351468152,3085362169410.29,47746.2421759562,1.45112016293279,149.584281299965,6.363
GBR,United Kingdom,Europe,2015,2.14040560033371,2945579890258.46,45255.3449216209,0.36804684232536,147.063146778865,5.517
GBR,United Kingdom,Europe,2016,2.20652020635357,2706807606538.73,41257.9085545556,1.0084173681141,155.581504971929,4.867
GBR,United Kingdom,Europe,2017,3.02322219840339,2699118387873.1,40916.8115070354,2.55775577557747,160.141177233502,4.452
GBR,United Kingdom,Europe,2018,1.55133095078786,2897028009916.05,43702.9976303165,2.29283990345938,156.766820519267,4.12
GBR,United Kingdom,Europe,2019,1.25629899760824,2875710080015.3,43158.7411267323,1.73810460086513,158.972569875821,3.613
GBR,United Kingdom,Europe,2020,-10.047896637362,2724001478304.59,40812.6794663879,0.989486703772491,194.682828796265,4.472
GBR,United Kingdom,Europe,2021,8.5431118453255,3194559188925.93,47691.3768799404,2.51837109614213,183.804848939919,4.826
GBR,United Kingdom,Europe,2022,5.14970388522993,3181244350465.41,47057.043229179,7.92204883147902,138.215904304967,3.73
GBR,United Kingdom,Europe,2023,0.271650048355255,3420796653789.08,49944.4702124201,6.79396706793963,136.142431919028,3.984
GBR,United Kingdom,Europe,2024,1.1264226705118,3686033044482.13,53246.3676145108,3.2715729463592,131.073062954793,4.111
GHA,Ghana,Afrique,2000,3.70000008164408,4982850662.20851,253.746936203344,40.240933123914,,10.456
GHA,Ghana,Afrique,2001,4.00000012807919,5314872854.4405,263.542156494853,41.509496287803,,9.602
GHA,Ghana,Afrique,2002,4.49999955900331,6166197847.85031,297.46164468774,9.36093239560313,,8.695
GHA,Ghana,Afrique,2003,5.200000133101,7632723555.66221,358.39927142073,29.7729797160384,,7.72
GHA,Ghana,Afrique,2004,5.59999999077445,8881417906.71432,406.132105329565,18.0427388232565,,6.756
GHA,Ghana,Afrique,2005,5.90000381855104,10744568381.4456,478.611909191028,15.4389920155908,,5.816
GHA,Ghana,Afrique,2006,6.39991260618034,20885037596.6963,906.441027564887,11.6791839392492,,4.897
GHA,Ghana,Afrique,2007,4.34681910440079,24827339138.4906,1050.12461524926,10.7342665456292,,5.092
GHA,Ghana,Afrique,2008,9.14979893831817,28679383241.0729,1182.65761256016,16.494639613412,,5.144
GHA,Ghana,Afrique,2009,4.84448705175076,26048720005.5233,1047.70430093586,19.2469482220857,,5.348
GHA,Ghana,Afrique,2010,7.89971194051621,32197655566.5347,1263.89251760539,10.7333898354915,,5.384
GHA,Ghana,Afrique,2011,14.0471235803149,39336668080.559,1507.43573198753,8.7284593709302,,4.227
GHA,Ghana,Afrique,2012,9.2927894063005,41271701060.954,1543.77524235764,11.1863409441067,,3.141
GHA,Ghana,Afrique,2013,7.31252501678145,62845721959.827,2294.79584693743,11.6661923071729,,2.173
GHA,Ghana,Afrique,2014,2.85624016330883,54678533805.9064,1949.90832923846,15.4896160333318,,4.415
GHA,Ghana,Afrique,2015,2.12075933817334,49436806230.4839,1722.77282833606,17.1499695007878,,6.806
GHA,Ghana,Afrique,2016,3.37346574966936,56144179397.8516,1912.47991339951,17.4546347070868,,5.232
GHA,Ghana,Afrique,2017,8.12889488100956,60385409434.8567,2012.28662641265,12.3719215507048,,3.369
GHA,Ghana,Afrique,2018,6.20007768127284,67259353965.6087,2195.32166016377,7.80876516610703,,3.253
GHA,Ghana,Afrique,2019,6.5077747939152,68352629246.1555,2186.65822682613,7.14364003330857,,3.16
GHA,Ghana,Afrique,2020,0.513941670628171,70008243859.8666,2195.45481659987,9.88728956269944,,3.313
GHA,Ghana,Afrique,2021,5.07646643533542,79514204730.3979,2445.18662529344,9.9710886750444,,3.384
GHA,Ghana,Afrique,2022,3.80484980952164,73919003209.9866,2229.89122647803,31.2558951049016,,3.084
GHA,Ghana,Afrique,2023,3.14009099763754,80547146878.3843,2383.90410483418,38.1069656296501,,3.063
GHA,Ghana,Afrique,2024,5.59045469593266,82308110386.4641,2390.77237652715,22.8483281157842,,3.007
ITA,Italy,Europe,2000,3.88209885062652,1149661363439.38,20190.0035636084,2.53768532095002,,10.834
ITA,Italy,Europe,2001,2.00643329837733,1172041488805.87,20570.4385917862,2.78516542713554,,9.599
ITA,Italy,Europe,2002,0.26992966378873,1281746271196.04,22451.3964379368,2.46532319171165,,9.211
ITA,Italy,Europe,2003,0.0665538088732092,1582930016538.82,27577.5700319855,2.6725555277285,,8.869
ITA,Italy,Europe,2004,1.4740217064723,1812808753294.75,31348.1901841445,2.20673661423657,,7.866
ITA,Italy,Europe,2005,0.762410677306491,1864982261286.85,32062.723833669,1.9852929852798,,7.73
ITA,Italy,Europe,2006,1.79947992234244,1958563654385.64,33537.1286994269,2.09084391012754,,6.777
ITA,Italy,Europe,2007,1.46229205289291,2222524108127.65,37826.1754554823,1.82974112202403,,6.076
ITA,Italy,Europe,2008,-1.02313851177097,2417508414187.19,40828.5795580937,3.34783258401022,,6.723
ITA,Italy,Europe,2009,-5.30515401233991,2209484319012.65,37099.6133958219,0.774768131387381,,7.749
ITA,Italy,Europe,2010,1.52910573247101,2144936254535.0,35856.8625485539,1.52551602118248,,8.363
ITA,Italy,Europe,2011,0.695463154440176,2306974020278.21,38432.3742820019,2.78063272879323,,8.359
ITA,Italy,Europe,2012,-3.12523877282996,2097929495121.68,34854.3949441965,3.04136333226775,,10.655
ITA,Italy,Europe,2013,-1.81802510749792,2153225581941.46,35701.6746002376,1.21999342274306,,12.149
ITA,Italy,Europe,2014,-0.0013876173045446,2173255507985.84,36028.3494022349,0.241047429826756,,12.683
ITA,Italy,Europe,2015,0.885667635240807,1845428048839.1,30639.8829751432,0.0387903996579733,,11.896
ITA,Italy,Europe,2016,1.23622108511661,1887111188176.93,31391.5692898108,-0.09401665691575,,11.688
ITA,Italy,Europe,2017,1.60369995294101,1970720904584.71,32844.115660604,1.22653316645812,,11.211
ITA,Italy,Europe,2018,0.826646712344115,2099435266458.67,34904.1081923834,1.13748763600391,,10.61
ITA,Italy,Europe,2019,0.429162533780342,2019606796583.53,33812.788724868,0.611246943765304,,9.951
ITA,Italy,Europe,2020,-8.86822122185345,1907481094079.23,32091.4866621366,-0.13770757391651,,9.164
ITA,Italy,Europe,2021,8.93106210800055,2179207773596.09,36852.5425414951,1.87378325762481,,9.497
ITA,Italy,Europe,2022,4.82117669913565,2104067630319.46,35653.9042103495,8.20128991161718,,8.069
ITA,Italy,Europe,2023,0.975694840127005,2316727999333.18,39277.0838783918,5.62219442195901,,7.627
ITA,Italy,Europe,2024,0.692676948440536,2380825077243.59,40385.3413957669,0.982373023061417,,6.778
KEN,Kenya,Afrique,2000,0.599695390807426,12705350097.8044,414.626365130846,9.98002515350979,,2.889
KEN,Kenya,Afrique,2001,3.77990649795343,12986007425.8781,410.700452474814,5.73859814341467,,2.881
KEN,Kenya,Afrique,2002,0.546859530175595,13147736898.5176,402.936385605382,1.96130821739162,,2.919
KEN,Kenya,Afrique,2003,2.93247554570904,14904517649.8476,442.898457253405,9.81569062979654,,2.873
KEN,Kenya,Afrique,2004,5.10429977629738,16095337093.8366,463.662781300121,11.6240355442426,,2.848
KEN,Kenya,Afrique,2005,5.90666607980057,18737895512.7378,523.456312433863,10.3127783574683,,2.745
KEN,Kenya,Afrique,2006,6.47249430015484,25825512284.2891,699.80237063381,14.4537342081708,,2.68
KEN,Kenya,Afrique,2007,6.85072976998784,31958195182.2406,840.201439476765,9.75888023027529,,2.65
KEN,Kenya,Afrique,2008,0.232282744812977,35895153327.8497,915.54435473604,26.2398166445063,,2.756
KEN,Kenya,Afrique,2009,3.30693981631089,42347217912.9176,1047.9678324485,9.23412592394652,,2.818
KEN,Kenya,Afrique,2010,8.05847360290906,45405615063.7551,1091.51873101194,3.96138889115385,,2.796
KEN,Kenya,Afrique,2011,5.1211061197056,46869473150.61,1096.14499807675,14.0224913014704,,2.704
KEN,Kenya,Afrique,2012,4.56867961444982,56396704671.5777,1285.00536171512,9.37777003547598,,2.682
KEN,Kenya,Afrique,2013,3.7978483925754,61671440407.8387,1370.87885214659,5.71749357037733,,2.764
KEN,Kenya,Afrique,2014,5.02011100232484,68285796514.2896,1482.81566253497,6.87815499275949,,2.768
KEN,Kenya,Afrique,2015,4.96772112759767,70120446896.8359,1489.11959777284,6.58215429284779,,2.762
KEN,Kenya,Afrique,2016,4.21351706814744,74815144163.8931,1554.12610314423,6.29724953814625,,2.757
KEN,Kenya,Afrique,2017,3.83795817364721,82036510877.2599,1667.48447230835,8.00564967709945,,3.541
KEN,Kenya,Afrique,2018,5.64794640709219,92202979985.2863,1836.45275528993,4.6898064677633,,4.284
KEN,Kenya,Afrique,2019,5.11415885767801,100378436207.371,1960.40808854893,5.23963795764792,,5.014
KEN,Kenya,Afrique,2020,-0.272766327438816,100657505750.545,1927.66459027849,5.40516207933392,,5.619
KEN,Kenya,Afrique,2021,7.59048947333467,109703658904.994,2061.35622089594,6.10793603659176,,5.693
KEN,Kenya,Afrique,2022,4.85998104287999,114448978152.637,2109.56288513137,7.65986268272224,,5.707
KEN,Kenya,Afrique,2023,5.71999241214208,107500884685.013,1942.58802756191,7.67139634029402,,5.567
KEN,Kenya,Afrique,2024,4.72473994710138,120339557905.932,2132.43452097647,4.48978854243448,,5.434
SEN,Senegal,Afrique,2000,3.88721095816793,6013185003.97525,603.233162455158,0.731981981981597,,2.668
SEN,Senegal,Afrique,2001,4.31085146618369,6507824829.26254,637.213530563724,2.97450083919566,,2.7
SEN,Senegal,Afrique,2002,0.0686965747419066,7006402319.75856,669.430447319209,2.33730187454299,,2.828
SEN,Senegal,Afrique,2003,5.59395094456143,8768721563.18211,817.888034221442,-0.0519970242714495,,2.794
SEN,Senegal,Afrique,2004,4.64329393683312,10076816666.6196,918.102079522155,0.514781781023016,,2.788
SEN,Senegal,Afrique,2005,4.31023852639633,11009033437.939,979.846101520171,1.71133325855502,,2.703
SEN,Senegal,Afrique,2006,2.33077098330239,11697918243.0035,1017.20196747987,2.11228583877117,,2.77
SEN,Senegal,Afrique,2007,2.82711920133374,13994218412.9619,1188.93877808175,5.85330428467681,,2.808
SEN,Senegal,Afrique,2008,3.70316906391386,16853989627.548,1398.79218010021,7.34720236578406,,2.822
SEN,Senegal,Afrique,2009,2.75210448455053,16145867494.9405,1308.69404336205,-2.2480214785534,,2.814
SEN,Senegal,Afrique,2010,3.39088925336209,16121315909.0758,1275.88357492357,1.22868119673344,,2.803
SEN,Senegal,Afrique,2011,1.33409107961258,17814283639.3119,1374.67591873844,3.40322829786971,,2.853
SEN,Senegal,Afrique,2012,4.00299555090457,17660870411.5235,1326.83798848379,1.41822871177854,,3.888
SEN,Senegal,Afrique,2013,2.41238527605579,18918667724.8817,1379.83196553924,0.710245486695176,,4.986
SEN,Senegal,Afrique,2014,6.22407443790986,19797253440.2679,1398.89137601382,-1.09025507446895,,5.841
SEN,Senegal,Afrique,2015,6.36704365066983,17774766696.1759,1218.00613555438,0.135211933635165,,6.757
SEN,Senegal,Afrique,2016,6.35606857181878,19040312333.1864,1266.43957151587,0.837284942557434,,4.455
SEN,Senegal,Afrique,2017,7.4074861863013,20996562943.5979,1356.80518449031,1.31815314847789,,4.078
SEN,Senegal,Afrique,2018,6.20924103389086,23116701556.1381,1452.55612562445,0.460985642464188,,3.455
SEN,Senegal,Afrique,2019,4.61362809749708,23403995992.1354,1431.18128932159,1.76011151192939,,2.863
SEN,Senegal,Afrique,2020,1.3420737726679,24530513037.7518,1461.08720350553,2.54314685681662,,3.437
SEN,Senegal,Afrique,2021,6.54400109964304,27520784129.7508,1598.10676952274,2.18032278088147,,3.44
SEN,Senegal,Afrique,2022,3.85043193735768,27783332222.6759,1574.0281059306,9.69681899081073,,2.837
SEN,Senegal,Afrique,2023,4.2574308328029,30696331295.7826,1698.03387300843,5.93947798773215,,2.8
SEN,Senegal,Afrique,2024,6.06055141198976,32808056600.9436,1773.21829923448,0.804503298792438,,2.992
ZAF,South Africa,Afrique,2000,4.20000000067826,151752757215.309,3217.84693448467,5.33895913599828,39.6390583837328,22.714
ZAF,South Africa,Afrique,2001,2.70000000019104,135429905922.526,2847.15191945908,5.70189483049608,,22.605
ZAF,South Africa,Afrique,2002,3.70037440406668,129087556612.449,2688.23676032806,9.494713780996,,22.547
ZAF,South Africa,Afrique,2003,2.94907546754213,197018965308.697,4062.21755993786,5.67942414068799,,22.629
ZAF,South Africa,Afrique,2004,4.55455990721774,255806908594.573,5221.46333731721,-0.692039437857687,,22.538
ZAF,South Africa,Afrique,2005,5.27705197295467,288867217196.534,5836.87663325127,2.06285308223427,,22.461
ZAF,South Africa,Afrique,2006,5.60380645895889,303858675363.643,6077.38293388876,3.2439076541923,,22.324
ZAF,South Africa,Afrique,2007,5.36047405394162,333077117253.684,6591.85535960564,6.17781214809388,,22.287
ZAF,South Africa,Afrique,2008,3.1910438863288,316131258616.309,6184.75474328399,9.90998456005467,,22.407
ZAF,South Africa,Afrique,2009,-1.53808913525583,329754060647.129,6374.70560042992,7.23809523809527,,23.523
ZAF,South Africa,Afrique,2010,3.03973288127956,417363822801.713,7973.47195771517,4.06749555950263,,24.683
ZAF,South Africa,Afrique,2011,3.16855627858818,458199494830.834,8646.05571071635,5.0008533879502,,24.639
ZAF,South Africa,Afrique,2012,2.39623238465745,434400545085.811,8076.97678479741,5.73797139141739,,24.727
ZAF,South Africa,Afrique,2013,2.48546800826588,400886013595.573,7331.65467384919,5.78016910069176,,24.561
ZAF,South Africa,Afrique,2014,1.41382645223793,381198869776.106,6856.73137092522,6.13282953059149,,24.89
ZAF,South Africa,Afrique,2015,1.32186223678229,346709790458.563,6112.27382485974,4.51869094892506,52.651157246849,25.149
ZAF,South Africa,Afrique,2016,0.664552307858116,323585509674.481,5651.20585165749,6.60290842394872,53.7387913927398,26.536
ZAF,South Africa,Afrique,2017,1.15794695181735,381448814653.456,6618.33508255701,5.18618655524149,56.2597208339946,27.035
ZAF,South Africa,Afrique,2018,1.55678384721676,405260723892.517,6914.1780318076,4.50987264867388,59.1023114125426,26.906
ZAF,South Africa,Afrique,2019,0.25993557687633,389330032224.269,6533.71121032856,4.10285075461156,64.589278136337,28.468
ZAF,South Africa,Afrique,2020,-6.1689177146757,337974655408.055,5580.60383075189,3.23238831615113,75.7255090818801,29.217
ZAF,South Africa,Afrique,2021,4.85864865060148,419986284375.368,6828.75624590017,4.61874544887136,74.0826080100226,34.007
ZAF,South Africa,Afrique,2022,2.05813661692193,407596043067.885,6534.24867783397,7.03987272546482,76.2054429487374,33.268
ZAF,South Africa,Afrique,2023,0.80610455095804,381440724491.232,6034.27208964673,6.0752438457966,79.446907709916,32.098
ZAF,South Africa,Afrique,2024,0.534843531905139,401144998373.585,6267.186814093,4.36115246518962,,33.168
